year_range,average_yield
1981-1990,7660.8950197
1991-2000,8086.6887206
2001-2019,7720.683002684211
